identity,corner,X_m,Y_m,Z_m
A1,0,3.45,1.5499999999999996,0
A1,1,3.45,3.6499999999999995,0
A1,2,4.95,3.6499999999999995,0
A1,3,4.95,1.5499999999999996,0
A2,0,3.45,-1.05,0
A2,1,3.45,1.05,0
A2,2,4.95,1.05,0
A2,3,4.95,-1.05,0
A3,0,3.45,-3.6499999999999995,0
A3,1,3.45,-1.5499999999999996,0
A3,2,4.95,-1.5499999999999996,0
A3,3,4.95,-3.6499999999999995,0
A4,0,-0.75,1.5499999999999996,0
A4,1,-0.75,3.6499999999999995,0
A4,2,0.75,3.6499999999999995,0
A4,3,0.75,1.5499999999999996,0
A5,0,-0.75,-3.6499999999999995,0
A5,1,-0.75,-1.5499999999999996,0
A5,2,0.75,-1.5499999999999996,0
A5,3,0.75,-3.6499999999999995,0
A6,0,-4.95,1.5499999999999996,0
A6,1,-4.95,3.6499999999999995,0
A6,2,-3.45,3.6499999999999995,0
A6,3,-3.45,1.5499999999999996,0
A7,0,-4.95,-1.05,0
A7,1,-4.95,1.05,0
A7,2,-3.45,1.05,0
A7,3,-3.45,-1.05,0
A8,0,-4.95,-3.6499999999999995,0
A8,1,-4.95,-1.5499999999999996,0
A8,2,-3.45,-1.5499999999999996,0
A8,3,-3.45,-3.6499999999999995,0
check-136,centre,3.25,0,0
check-137,centre,3.75,0,0
check-138,centre,4.25,0,0
check-139,centre,5.0,0,0
check-140,centre,3.176776695296637,1.5767766952966369,0
check-141,centre,3.5303300858899105,1.9303300858899104,0
check-142,centre,3.8838834764831844,2.2838834764831843,0
check-143,centre,4.414213562373095,2.814213562373095,0
check-144,centre,0,1.65,0
check-145,centre,0,2.15,0
check-146,centre,0,2.65,0
check-147,centre,0,3.4,0
check-148,centre,-3.176776695296637,1.5767766952966369,0
check-149,centre,-3.5303300858899105,1.9303300858899106,0
check-150,centre,-3.8838834764831844,2.2838834764831843,0
check-151,centre,-4.414213562373095,2.8142135623730953,0
check-152,centre,-3.25,0,0
check-153,centre,-3.75,0,0
check-154,centre,-4.25,0,0
check-155,centre,-5.0,0,0
check-156,centre,-3.176776695296637,-1.5767766952966369,0
check-157,centre,-3.5303300858899105,-1.9303300858899104,0
check-158,centre,-3.8838834764831844,-2.2838834764831843,0
check-159,centre,-4.414213562373096,-2.814213562373095,0
check-160,centre,0,-1.65,0
check-161,centre,0,-2.15,0
check-162,centre,0,-2.65,0
check-163,centre,0,-3.4,0
check-164,centre,3.176776695296637,-1.5767766952966369,0
check-165,centre,3.5303300858899105,-1.9303300858899106,0
check-166,centre,3.8838834764831844,-2.283883476483185,0
check-167,centre,4.414213562373095,-2.8142135623730953,0
